Metric,Value
ATE Mean (m),0.90945119045648
ATE RMSE (m),1.0469531316002356
ATE Mean (%),17.63387332350061
ATE RMSE (%),123.10055618131783
Drift per meter (m/m),0.03225703582773962
